23133773,41.72
20051576,42.03
26518274,41.74
18743905,41.99
47765407,41.68
19837767,41.51
27097228,41.65
22518630,41.68
24205297,41.5
26310697,41.23
29823030,40.58
18039990,40.86
15117689,41.11
15019425,41.27
24060542,41.48
31865213,41.21
23210341,40.32
18071096,40.29
18504300,40.79
34575579,40.94
19893872,40.34
25711565,40.01
26161164,40.19
18020866,40.12
20202485,40.1
22399392,40.35
21322341,39.68
24537438,39.75
29868272,39.83
37793243,39.6
18818711,40.24
27004768,40.42
22787185,39.97
29647646,39.54
32123032,39.64
41749497,39.42
27112373,39.06
22460928,39.43
43417914,39.69
28791455,40
35464148,40.4
29637370,40.51
50610208,40.87
56883812,39.91
42381594,39.86
24602781,39.69
27057271,39.99
22222222,39.94
36689399,40.01
30616304,40.4
33978673,39.75
32006651,39.18
34333298,39.21
45960848,39.36
27398687,40.47
35919609,39.82
37559615,39.8
51409573,39.87
30139567,41.01
28666682,41.35
32610395,41.42
46886284,40.99
43472747,40.3
35369170,39.36
41982966,39.79
43193147,40.34
46098374,40.5
80731942,40.16
59269801,40.33
35597241,39.27
64063866,39.55
20479610,38.05
27195638,37.7
32169650,37.89
30496295,38.27
25218133,38.02
19007850,37.82
26596635,37.9
23605310,38.15
20520432,38.11
26868337,38.41
29726792,37.78
41217028,38.31
33919024,37.86
41042629,37.47
30867657,37.54
32143395,37.69
38030656,37.98
27541038,37.75
29794084,37.51
32839707,37.42
42986738,37.62
37647772,37.61
27055869,37.47
32164989,37.18
26782083,36.8
33348008,36.56
35380994,36.18
55841097,35.82
55526924,36.35
64102391,36.48
93190755,37.84
35111959,36.86
52790351,36.66
36225755,36.27
44485767,36.03
77051806,36.8
44515126,36.06
21965266,35.93
31578979,36.17
46298736,36.38
38035708,36.89
44909545,36.76
41627325,35.78
45923872,34.98
40558766,36.04
36520448,35.53
59979542,35.76
35924726,36.41
43615035,36.13
31134795,36.91
30643745,37.16
17505770,37.41
16290475,37.29
14563533,37.29
17614984,37.44
14242997,37.08
25128740,36.62
62650324,36.8
34157264,36.25
63192067,36.58
45687679,36.52
31734515,36.88
40074360,36.69
36012761,37.22
39853379,37.61
37828593,38.11
30286015,38.7
36457292,38.36
116313834,38
51983578,38.94
52109760,38.31
42950373,38.45
22090428,38.13
26002050,37.6
34468069,37.35
30648148,37.64
27981996,37.57
23064699,37.4
32231827,37.08
44274987,36.74
53277485,37.2
50602034,37.84
46186577,38.02
44957611,38.16
31651589,37.36
26872537,37.59
36743157,37.78
60445258,37.5
88948830,38.18
51681868,36.64
28061873,35.94
40271887,35.52
41689563,35.4
37002061,35.54
31702613,35.52
38383594,35.57
113493954,35.73
53209728,33.72
58600499,33.76
40438546,34.58
27436505,34.99
41811699,34.96
31359198,34.92
35111593,34.64
47107657,34.49
27757870,34.45
30033336,34.13
42875141,33.76
35878559,33.07
41017586,33.01
35069279,33.3
33008107,33.88
38707452,33.86
46946813,33.92
36718733,33.58
39839541,33.28
55347903,33.27
28503917,32.77
28907426,32.5
40684948,32.46
39826261,32.74
102904859,32.79
42026553,33.64
64103344,33.32
84716461,32.93
55017879,32.8
40905938,33.03
32867691,32.69
39041151,32.74
56887967,32.39
49628450,31.66
75439554,31.15
71644891,31.24
142320588,31.2
154506984,31.88
42784642,33.4
45284632,33.55
44262716,33.02
58522264,33.26
72786745,34.15
225493737,34.75
31169898,32.39
37409095,31.61
22979513,31.62
27908716,31.39
32866242,31.8
33340728,31.79
48528230,32.35
39473018,32.23
25501910,32.87
26803879,32.7
59038538,32.89
38078570,32.06
36334889,31.58
30986512,31.7
29199813,31.89
42557872,31.67
43900515,31.84
45801156,31.85
28874879,31.54
38637339,31.62
63221356,31.39
52812049,31.96
65819208,31.82
79040666,32.01
248428494,31.4
49547075,35.44
37289320,35.74
36378681,36.27
34145645,36.17
35502638,35.67
53638234,35.68
29658734,34.7
25320908,34.35
32398742,34.32
26085981,34.21
15994380,34.01
37634572,33.94
31064000,34.36
65548196,34.54
28993542,34.62
48667834,34.35
44073348,33.67
56113708,33.72
85338395,33.26
54496758,33.49
30820208,34.59
28622929,34.98
49672492,35
53116371,34.4
45654803,34.72
37373032,35
39350316,34.84
35995223,35.47
40762249,35.67
37627133,34.96
46032657,34.78
65538438,34.99
51256272,35.59
56167723,34.9
51133616,35.03
38419848,34.88
48218180,35.02
33175804,34.27
51113510,34.15
66050872,34.61
48705362,34.85
54025227,35.08
60674267,34.87
59384283,34.08
46309506,33.84
56874005,33.53
36036347,33.03
36396524,32.69
46417802,32.66
51595643,32.99
43078268,33.31
40982478,33.75
46786840,33.49
46069472,33.16
54336834,32.72
75166967,33.1
59122266,32.61
47802884,31.79
110700124,31.94
90955499,31.76
59126880,30.6
137909468,30.83
99793502,29.76
56906528,28.79
52841328,28.82
52804656,28.97
56335548,28.69
62888012,28.79
130923162,28.94
71116616,30.28
77737851,29.61
34759724,28.59
50928776,28.7
45267601,28.6
35064468,28.56
28460384,28.8
29203122,28.61
55455613,28.6
36048959,28.37
27831654,28.16
44153931,28.16
28720834,28.25
34234566,28.11
35454207,28.32
51902968,28.18
44828022,28.1
92711915,28.04
55917303,28.14
29103208,27.92
39259456,27.91
36635432,27.87
37671493,28
29197630,28.14
51448913,28.09
41437141,28.35
38167497,28.15
34851878,27.95
35840861,27.8
36395589,27.81
49925050,27.37
48020353,27.37
31430018,27.76
49085538,27.49
44112446,27.87
38806870,28.04
49657740,28.01
32663454,28.04
41716060,28.03
35991329,27.88
32248149,27.86
33320436,27.55
38034068,27.28
41889572,27.34
35410361,27.5
50539942,27.44
55566440,27.93
50536148,27.45
43585526,27.85
49247863,28.01
56061493,27.91
81853106,27.88
101739246,27.63
50387614,27.61
58656745,27.15
52171305,27.25
51685841,27.25
41077374,27.04
48244452,27.21
48324338,26.89
55518050,26.83
71430810,26.46
49047873,26.7
44703081,26.55
37120059,26.69
52521019,26.74
48297740,27.25
52905499,27.62
42757836,26.71
28248325,26.55
39393927,26.96
31640952,26.86
20842331,27.06
98779723,27.45
52607251,27.68
53523188,27.31
50494942,27.56
42053240,27.1
42077469,26.81
45080041,27.11
43966242,27.24
52288386,27.32
47037881,26.94
46179491,26.46
39186491,26.72
68283731,26.67
49798319,26.37
53173722,26.43
83690187,26.62
69558839,26.95
53018349,27.36
45023854,27.08
85198661,27.38
57845672,27.7
66360250,26.95
47070367,26.71
57179237,26.73
64088293,26.52
50955598,26.66
76095405,26.84
131688992,27.09
61112106,28.22
43295893,28.83
49841738,28.81
57876864,29.08
43408274,29.86
38071723,29.63
57139342,29.5
72047818,29.52
69467692,28.54
57789995,28.21
54083785,27.88
53329233,27.9
64418754,28.05
83383976,28
90476951,28.64
59238423,29.5
44211740,29.59
47745539,29.49
42448472,29.51
46466731,29.2
41490756,28.95
47227080,28.98
45130560,29.28
29755574,29.78
41135532,29.85
43640874,30.03
46663995,29.86
43338811,29.66
54042532,29.49
54232061,29.76
47130850,30.16
54679301,30.16
54275689,30.39
46825826,30.78
102348791,31.19
45549355,31.45
48881762,31.05
34542689,31.18
36488844,31.21
51422730,31.21
45052177,30.94
32779041,30.78
25194218,30.79
40524855,30.72
42652923,30.95
48371613,31.34
33650751,30.39
48561825,30.38
36595417,30.82
23982028,30.32
23347975,30.65
23948613,30.63
34692509,30.69
22951098,30.56
28356539,30.26
33438369,30.54
28823883,30.8
23739124,30.74
32597464,30.9
35788904,30.78
24351641,30.2
34552536,30.13
23053520,30.39
27813460,30.42
24920732,30.5
26258427,30.33
28003409,30.26
27473823,29.95
35860411,29.75
39523066,29.19
31722523,29.41
37622808,29.47
28904869,29.64
44244766,29.76
45302964,29.16
45583794,28.83
47723277,29.15
55151880,29.28
64027078,30.12
46663183,30.66
41100151,30.45
33776331,29.66
27901963,29.44
39090585,29.39
63530444,28.63
39188842,29.3
37537369,29.74
30682552,30
38297403,30.18
28802821,30.7
20941442,30.76
30589039,30.56
55227108,30.59
45333920,29.91
33783977,30.17
38422237,30.02
42225199,29.86
45098017,30.7
48461283,30.14
36257101,30.93
75725717,30.7
58679618,29.84
62314362,30.02
39460156,29.34
32984515,29.13
35338135,29.29
46365066,28.9
42554321,29.65
37794901,29.23
46860486,29.35
45715327,28.5
47928161,28.55
56641282,28.45
39142318,29.19
41590049,29.34
37758958,29.56
29508245,29.06
52576022,29.07
65170962,29.11
39508257,29.76
38794203,29.75
56205262,29.27
48487178,29.72
60083687,29.9
61830348,30.21
40528885,30.68
43460342,31.16
43839116,30.74
50309301,30.76
46337430,30.5
48644875,30.65
57928336,30.98
31504327,31.76
37387978,31.8
43833208,32.01
35706696,32.02
41423609,31.98
40312879,32.11
62496907,32.2
40871061,31.92
61403840,32.12
106052027,32.42
54781106,31.01
40555467,31.14
34361728,31.44
38130098,31.08
39749525,30.81
38306010,30.98
43016353,30.34
54137247,30.47
31062811,31.1
50342719,31.52
49455870,31.21
42752025,31.94
35850785,32.29
31754740,32.26
37038894,32.12
41350041,32.19
36274889,32.52
36758279,32.59
35912885,32.01
31749516,32
37935484,31.91
41566788,31.99
44797109,32.2
65626398,32.6
49070794,32.85
41987743,32.77
48951650,32.67
34076755,32.04
34628398,31.99
36752011,32.01
34340619,31.84
51938950,31.56
45239832,31.8
47318927,32.08
77348930,32.29
59326545,31.74
45230573,31.87
34575391,31.35
35577833,31.48
35035609,31.37
49253117,31.27
50832547,31.44
70040830,31.25
94705078,31.28
43316117,30.05
59662711,30.25
33322516,30.58
44606751,30.5
50481549,30.77
49662740,30.66
39242529,30.35
28040378,30.2
41845397,30.24
52226255,29.95
67413817,29.89
50572372,29.53
51114661,29.61
44190573,29.23
49107458,29.5
59236267,29.56
51711367,29.34
76081814,29.73
165902897,29.71
74053427,28.12
64860509,28.23
72395252,28.26
60204902,28.25
49375477,28
65586477,27.72
60014333,27.84
59708266,27.74
99459469,28.1
56082205,27.68
80519402,27.4
64735391,26.76
27396333,25.96
22616883,26.02
29823501,25.82
21287332,26.04
23205776,26.03
35794085,25.81
64134140,25.76
60767523,26.02
52258284,25.53
101410082,26
46217486,25.56
47927107,25.59
54581003,25.76
38945867,25.51
53790403,25.7
60522185,25.4
62669835,25.6
46175294,25.66
56818367,25.7
52295245,25.22
48545338,25.28
81353522,25.58
40920907,24.84
46771878,24.87
26164410,24.3
49105287,24.47
49204488,24.79
61882819,25
47627157,25.3
70977495,25.54
53262743,26.07
43877075,26.74
34199146,26.76
37903971,26.91
32517281,26.28
62950825,26.2
47825636,27.16
42586043,26.8
36553269,26.25
65837011,26.53
53536398,26.01
61186956,25.99
46798951,26.63
57712077,26.98
74515622,27.25
63029830,26.59
53554554,26.81
56897791,27.19
76620533,27.16
76300104,27.04
42881648,27.13
52491969,27.31
39453241,26.98
50949439,27.27
43830076,27.18
52493454,26.96
38826791,27
41822239,26.94
52748451,26.25
55113496,26.34
94061244,25.89
83485396,25.34
64596171,24.53
54086654,24.89
63411976,25.45
60740399,25.58
55623705,25.67
51057571,25.44
64769019,25.06
96285920,25.06
72750701,25.99
49211857,26.98
52324841,27.21
89685212,27.12
67809210,26.99
66742534,26.5
48794446,26.04
55047244,25.89
64531339,25.74
65818212,26.22
41960917,26
54931986,25.51
43897065,25.8
60511548,26.21
59301724,26.6
57341367,26.23
38863136,25.84
71959200,25.25
48191924,24.57
45329610,24.9
59671022,24.72
54720967,23.98
77402319,24.05
105715509,24.67
50923682,25.24
54256723,25.35
56529388,25.51
64791784,25.1
90697205,25.19
127819718,24.2
126278864,25.58
134257113,24.48
112072491,25.68
92953765,25.94
64583238,26.92
87164516,26.64
61846218,27.27
104394739,27.4
83766901,27.72
71492139,27.33
74643391,28.08
108486590,27.91
76380505,27.53
81737342,27.1
49795352,27.06
86730600,27.54
44506711,26.59
49134401,26.78
46385928,26.47
40869336,26.63
47320989,26.54
44000715,26.63
58332434,26.92
51950943,26.77
48748894,26.33
37803059,26.03
52914516,26.02
52536288,26
66052078,25.62
81032018,25.8
92044114,25.2
101387157,24.3
59472060,24.63
44290814,24.65
49712104,24.76
54344045,24.47
83352877,24.26
57190388,24
49410128,23.74
42902699,24.22
47574074,24.04
49327104,23.7
42882262,23.96
42206806,23.94
41112524,24.06
54778670,24.01
60697662,23.9
51487738,24.22
74036467,24.43
60196203,25.01
50254323,24.76
78016538,24.67
34903112,24.19
47692976,24.15
52703425,24.17
45451462,24.49
37783590,24.72
53931025,24.69
82894458,24.52
91402408,24.57
66819290,25.03
77366952,25.32
78604669,25.36
120806139,25.67
38696376,25.83
55993642,25.87
55626793,25.79
73292270,26.06
71909361,25.81
89834099,25.66
319317852,25.92
80158577,26.71
52688981,26.38
69199457,26.19
33525057,25.61
46892292,25.52
61608587,25.76
38892333,25.15
58046281,25.08
65080348,25.37
55245529,25.42
38144621,25.63
36936975,25.64
34286211,25.98
39890629,26.07
46134637,26.2
65589617,26.15
73693937,25.78
35441052,25.55
63114201,25.48
63281785,25.39
42000178,25.61
40772423,25.49
48975380,25.41
57031023,25.62
38696661,25.81
44018832,25.54
30903641,25.3
46895059,25.33
85486688,24.8
62506557,24.78
100718988,24.79
76064201,25.39
54456558,25.69
49906849,25.68
66557502,25.41
39792379,25.89
50555383,25.91
64987131,25.72
70437154,25.95
68271500,26.2
48658193,26.08
60054986,26.16
51379675,26.58
53006263,26.55
64499005,26.77
60234083,26.59
60888998,26.59
68672855,27.06
57211558,27.21
70817867,27.02
44120592,26.96
56766112,27.23
83939643,27.25
76672349,27.5
52905018,27.97
34910467,28.28
68980871,28.2
40416627,27.77
60340059,27.65
45836488,27.94
62810661,27.99
65028938,27.72
141259158,27.75
146938589,28.87
74628760,28.78
42436532,28.45
52055812,28.38
58080269,28.02
58621931,28.35
50005830,28.47
53332616,28.66
62691185,28.3
67082768,28.19
52636699,28.55
50308414,28.11
57573450,28.22
73761979,28.6
88026271,28.82
58998239,28
54409555,28.09
53450110,27.98
24791329,27.91
20790442,27.85
19505935,27.97
23049217,28.01
21654880,28.07
24913722,28.3
42255763,28.19
38152996,28.07
52810910,27.81
87456444,27.9
57680104,27.99
69634200,27.85
64095005,27.62
47943855,27.24
37629009,27.34
47148284,27.08
41666716,27.23
57860447,26.87
36273877,26.84
52621910,27.02
91798687,26.89
74123490,26.04
75282094,25.26
56608148,25.31
21356527,25.25
56843693,25.37
69806770,25.12
53350441,25.73
52423174,25.69
59518954,25.84
58299609,25.57
65339110,25.81
51794559,26.2
64962139,26.27
62076710,26.68
52277301,26.94
58594443,26.95
71670771,26.81
110953685,26.85
93599285,27.14
110255273,27.03
54402096,27.39
61916183,26.95
114193191,26.66
80730261,26.28
64805406,26.05
69304104,25.9
50912304,25.19
25844141,25.38
50032354,25.42
56283551,25.31
66150875,25.1
48396780,25.82
68954747,25.54
51985403,25.23
75336441,25.34
50141421,24.83
27587722,24.59
41328991,24.57
50096043,24.53
50489603,24.43
78152892,24.35
98143158,23.91
62672276,24.38
61271057,24.49
44318896,24.5
56041120,24.68
43732859,24.73
51948788,24.78
46210109,24.43
94299353,24.61
52924157,25.15
49877219,25.43
70341518,25.22
44548260,25.33
56204376,25.12
87160392,25.03
114680387,25.11
58293790,23.85
46028831,24.01
65512329,23.93
51928618,23.96
0,24.29
64189016,24.29
48837044,23.94
65235852,23.9
66083495,23.46
45453037,23.64
60944493,23.93
49105276,23.82
47404767,24.1
66532358,24.04
51728126,24.28
49565732,24.23
54069035,24.44
46818826,24.82
52935026,24.71
40968392,24.5
45263430,24.4
70240460,24.49
76745824,24.86
87257683,25.07
57102542,25.61
55985489,25.55
64922012,25.37
78531804,25.73
56877663,26.16
55044515,26.33
83534777,25.81
69446188,26.03
69704731,25.95
60682484,26.16
67249812,26.1
108520012,25.81
73016369,25.84
73297593,25.12
45530162,25.48
38181760,25.23
65064760,24.89
56934631,25.51
72808022,25.44
61928666,25.13
49862201,24.83
53811348,24.27
50768072,24.41
81967278,24.3
73594554,23.82
0,23.27
62489452,23.27
92239399,23.16
81057995,23.01
119885791,23.31
73787879,24.31
156256672,24.53
85252196,25
61468282,25.31
55986386,25.77
54625218,25.95
52079257,26.44
47998692,26.37
48699364,26.32
81644277,26.58
50972363,25.5
68057774,25.66
78950407,25
87808432,24.79
87354921,25.11
80456154,25.29
89833275,25.79
67839372,26.86
65718772,26.46
76155453,25.89
0,25.8
67502221,25.8
136434525,26
176684012,25.01
98373509,26.07
73712018,26.27
117600229,26.84
87991056,27.11
61754173,28.24
52772107,28.6
46055496,28.94
63333959,28.93
45291598,29.24
47152462,29.44
63803037,28.88
86656268,28.94
173718024,28.21
128612951,28.98
66833778,29.85
82085579,30.13
43990036,30.86
63220209,30.54
52671781,31
64557901,30.91
68732315,30.84
63652231,31.11
126766583,30.96
84847551,31.39
55343086,31.33
52206093,31.36
64970248,31.04
88707802,30.67
52748075,30.87
68941186,30.82
41374514,30.45
37074279,30.32
54755457,30.34
63713716,29.92
58320552,29.35
47366786,29.32
34338235,29.27
0,29.16
74768063,29.16
63762620,29.29
34955871,29.77
33340722,29.59
55604731,29.66
73176624,30.01
33993584,29.65
42026555,29.88
37718162,29.6
81341090,29.59
43845199,29.61
50386698,29.63
36732935,29.37
37516750,29.29
31709321,29.27
35353651,29.18
44898608,28.97
50278457,28.8
39421396,28.63
56005054,28.59
42894184,28.63
48442081,28.46
93129838,28.46
43805302,29.02
40372889,28.67
48735294,28.6
43166875,28.63
52270044,28.33
36710350,28.73
44461634,28.77
42856501,28.97
45882842,28.59
51938098,28.35
0,27.93
81121515,27.93
65995913,28.12
48591246,27.99
59195742,28.01
52826474,27.72
80960063,28.02
77849968,27.84
61397848,28.63
54413654,28.46
85931099,28.41
193888424,28.18
117513692,29.16
63949492,29.67
66647676,29.5
63381173,29.32
102004573,28.96
73086701,30.01
54857712,30.58
46582886,31.1
0,30.86
79915648,30.86
63244767,30.96
51863463,30.35
65913228,30.07
68754648,30.27
51201289,30.66
50564285,30.45
58182332,30.77
49758862,30.96
38414185,30.95
0,30.48
31929611,30.48
42007597,30.96
29722450,31.39
25385575,31.17
0,31
11083867,31
28362689,30.92
36320920,30.82
40132875,30.52
94117968,30.36
43691182,29.6
55741169,30.1
49473151,30.02
34651154,30.11
43746588,29.85
45940703,29.87
44719350,29.71
37407912,29.57
38082612,29.79
58819960,29.98
43096326,29.83
36308524,29.78
49907182,30.01
44174645,29.41
29357892,29.22
0,29.79
32036164,29.79
37341362,29.91
41836365,29.94
42648018,29.62
51967660,29.78
59440915,30.11
75648887,30
54129501,29.54
53044975,29.63
55360706,29.36
49693320,29.12
65881036,29.01
57522019,28.99
38909997,28.52
52683314,28.47
63898306,28.06
50294715,27.53
62432606,27.88
73371734,27.73
65232886,28.22
73542323,28.02
69685783,28.59
124149662,28.68
281760947,28.02
61599926,26.59
61672603,26.58
54613476,26.37
48143163,26.36
56500866,26.5
65620101,26.71
45365489,25.96
37748964,25.81
29153569,25.72
39522259,25.55
60521239,25.67
38473856,25.1
48795241,25.11
60809818,24.64
51226259,24.96
75958097,24.88
63537684,25.72
39050278,25.75
44363585,25.83
50161051,25.55
56310695,25.94
60603558,25.71
61378342,25.77
28878663,25.3
68016403,25.26
42431643,25.3
50055778,25.2
44718408,25.2
42810156,25
54304284,24.86
46258757,25
49900235,24.78
53738665,24.82
44999631,24.62
34120376,24.11
40771253,23.86
62608465,24
49597146,24.65
55807969,24.68
45495600,24.69
41079001,24.55
43980206,24.64
54180889,24.64
69018918,24.41
39508124,23.67
41827419,23.65
38878900,23.58
42482887,23.25
46331960,23.69
38955807,23.62
61972277,23.53
33620089,23.13
35268300,23.42
46174325,23.56
59694624,23.46
53310241,23.81
49218228,23.77
46902837,23.83
54265278,23.52
67819964,23.81
73626862,23.8
70288380,23.47
80949924,23.11
215135609,23.45
106060477,25.56
66192409,24.8
52028399,24.83
47797971,24.53
52860096,24.29
64560963,24.44
67241887,24.12
45448634,23.11
67585958,23.23
43238698,22.39
46981174,22.44
73023306,22.56
52842412,22.53
49207638,23.2
0,23.37
65427699,23.37
54915127,24.04
66452303,23.77
62864396,23.86
65126363,23.35
57727830,23.79
54287632,23.47
56753482,23.34
71296464,23.28
115458922,24.07
58852177,23.5
86483075,23.68
105295558,23.45
69089588,23.42
50963461,23.33
65128974,22.83
61297117,22.55
50887629,22.08
49008050,22.05
59585285,22.14
42332565,21.83
56047439,21.73
48941777,21.4
57322905,21.4
46139533,20.89
45484759,20.45
42898438,20.13
44996741,20.34
37325792,19.75
58241500,19.82
47452295,20.38
51368251,20.31
46077725,20.6
61289838,20.22
54544880,20.06
49288225,19.75
71966786,19.89
63769338,19.32
67604246,19.42
68727152,19.32
59639015,19.79
67242977,19.79
54313367,20.19
63224473,20.24
87439809,20.26
79301588,20.25
76688300,19.93
68219574,20.4
168478498,20.91
86116273,18.92
59400937,18.78
60928280,18.97
62943434,18.61
61398450,19.2
67691952,19.76
72725459,18.83
63796243,19.35
44450425,19.59
0,19.67
55759562,19.67
56408826,19.19
65815169,18.76
47478684,18.76
81865036,18.75
99082236,19.29
96438844,19.31
92423291,18.37
49640619,17.48
47673696,18.13
63780075,18.83
73932163,17.88
50090354,17.93
71607826,18.33
81742575,17.06
58998888,17.14
70733199,16.96
62669277,16.9
67038412,16.25
82974543,16.65
93719791,17.01
84572522,17.11
95191803,16.48
66514260,15.15
92853699,15.28
89704742,15.27
69290013,16.12
80476554,15.88
80597104,15.79
93434279,16.15
83219416,16.42
105894560,16.96
122673954,17.17
70803342,17.21
69416120,18
49197636,17.91
54955158,18.12
75853206,18.09
47419392,19.09
75323479,19.26
58599423,19.21
83958715,18.8
52196149,19.44
86745927,19.66
75197935,19.04
75617853,18.63
86881249,18.5
88882500,17.83
62386468,17.1
49209360,17.59
64702531,18.04
61707540,17.66
93115480,17.63
117020593,17.2
222435525,17.11
68358085,19.38
89891855,18.48
79640268,19.71
96222222,19.24
80341720,19.09
65847793,19.82
52204130,19.47
49828297,19.52
70255018,20.12
72747158,19.51
58085878,20.76
61476552,20.52
50121849,20.33
0,19.44
46424902,19.44
43228892,19.34
58886322,18.96
23104614,19.13
0,19.17
16894070,19.17
47535826,19.28
58577826,19.18
115432039,19.12
80765009,19.3
79062229,19.66
97707493,20.11
59936439,19.04
78130797,19.36
83624211,19.45
61501699,20.61
80499585,20.6
107229949,21.01
91998319,19.87
78724702,19.11
80970409,19.87
79692371,19.15
79873774,18.61
31371936,20.22
0,20.49
79682260,20.49
92971983,19.99
125298897,20.69
157245554,19.68
139532692,17.53
103048823,18.29
108984798,19.62
97297036,19.32
96626994,20.06
148503311,21.25
90159844,20.3
78032704,21.2
67602599,21.3
71262782,21.5
95568686,20.88
81216664,22.08
72194471,23.53
61946713,22.62
93063602,22.33
95322969,22.63
111763211,23
134109114,23.1
117722353,21.18
153913251,21.96
154774034,22.32
150054726,21.53
100385538,23.36
93486972,24.72
133675089,23.93
161147743,24.19
113280181,22.66
165683624,24.1
144980198,25.5
228488900,21.5
131967650,22.3
171626679,23.01
145967811,23.23
146408927,24.91
116067967,26.32
93829287,26.25
88987041,26.48
107210047,26.69
134383096,25.01
100741810,27.4
96203467,26.61
80255580,25.72
92247395,25.44
105207700,25.4
134940843,25.16
132291242,25.26
106972039,24.57
111729652,25.99
82349376,26.82
75572494,27.62
72914650,27.34
75064901,26.44
85735663,26.1
62113530,26.12
82305188,25.65
66934001,26.35
57128603,26.9
66082260,27.1
50753481,27.29
48380695,27.94
33976947,27.56
44775488,27.27
51381730,27.66
47930392,27.84
43614428,27.18
41497114,27.29
40338849,27.32
38078114,27.69
47267367,27.81
49735006,27.91
51166541,27.91
62813547,28.12
68750329,27.9
80815598,28.13
82565719,27.39
95549923,27.02
84305010,26.21
60592479,25.28
82731424,25.44
60464356,25.72
51980016,26.23
66372594,26.11
59713593,25.5
58680860,26.16
81092522,25.44
79408762,26.43
88657164,25.8
77575545,25.64
150265248,25.86
96526068,27.52
82060318,27.26
92720716,26.15
51222873,25.15
69532525,25.25
57837382,25.45
54259971,25.23
65570315,25.85
71527599,26.03
37076426,25.98
84702804,25.88
100327707,26.87
57836460,27.51
73447787,27.63
67049013,27.75
64280144,28.35
65225396,27.73
57150450,27.97
97486098,28.23
62047794,28.93
49687729,28.46
44263070,28.8
74725259,28.93
131964396,29.07
113996301,28.24
59330780,27.12
77433857,27.89
66787062,27.71
78495857,27.49
76063353,28.3
79611683,27.54
91650429,27.31
77038347,27.8
63387543,28.32
47699107,28.31
52318487,28.18
47334500,28.44
48908023,28.05
52209761,28.47
60125021,28.25
75767531,28.76
59626096,29.46
81542244,29.99
53363755,30.45
66738528,29.93
70934643,29.78
64286268,29.99
51613880,29.39
69591591,29.27
88782831,29.21
93581920,29.7
119687670,29.08
66016794,29.24
71699334,29.4
74733515,28.52
84428818,28.64
97472905,28.99
145194876,29.83
116451423,31.8
98351426,31.45
67387496,30.25
54411698,30.42
73648859,30
48774455,29.22
54107335,28.95
34309977,28.25
43418095,28.06
54370140,28.28
65596908,29.11
45857404,28.89
46573905,28.75
44444079,29.16
43891216,29.16
38965645,29
49506357,29.16
65796142,29.5
46780578,28.38
49262025,27.91
47894307,28.05
45868070,28.56
49249027,29.14
48297016,29.17
60175753,29.18
61451726,28.62
83695240,29.42
84497415,28.3
105214823,27.96
84557139,28.62
75993799,28.63
98764089,29.28
72538270,28.05
77605238,27.87
91134347,27.57
106489801,28.12
86925503,27.59
76580956,26.99
117397837,27.2
83010015,27.93
75199412,28.26
108926501,28.38
109974208,27.84
125708801,27.68
98784201,28.1
93056124,28.22
68254260,28.17
68146634,28.42
69113412,28.5
88994282,28.96
84365862,28.34
156814101,28.21
124862938,28.56
165268052,28.12
138315572,28.52
137534068,29.07
119998562,30.19
291134756,30.45
103642129,32.6
106432591,32.2
68022981,32.6
81018923,32.72
196992268,32.94
155640334,33.25
137655888,31.93
108866426,31.99
115441004,33.01
94253764,33.11
120781832,33.23
61637682,34
52792430,34.39
55193961,33.91
72447521,34.33
74317163,34.44
79155610,33.45
80173469,34.61
72092421,34.38
49601203,35.37
63006176,35.22
35232298,35.6
33446889,36.12
33318819,35.97
30252673,36.61
29622581,36.58
83750566,36.06
59348027,35.52
58469007,34.79
52791765,34.74
58121196,34.39
71127828,35.31
73931155,35.22
63352548,34.47
55080175,34.1
36084871,34.76
40770947,34.53
50624418,34.55
84894654,34.15
54801634,32.77
61770546,32.92
71026801,33.6
53633555,33.59
88587459,33.7
84180288,33.06
80334985,32.97
33468112,34.11
89523670,34.23
100009347,34.58
63026155,33.96
71116649,34.09
64014051,33.76
84063046,33.93
104311422,34.46
84865186,33.38
125132048,33.73
133748977,34.74
74897710,35.52
100966620,36.41
75485352,36.73
96399008,37.06
152078802,37.06
185635717,36.81
107297283,35.57
114655601,34.57
288113255,35.03
169588714,31.99
77979145,31.25
49956115,30.9
58785048,30.51
75160365,30.17
49215078,31.16
86092380,31.08
56286172,30.32
47150499,30.04
31120882,30.17
50789189,29.91
32251403,30.23
63624504,30.1
30265625,29.84
45016019,29.84
37867958,29.71
37633886,29.45
33705822,29.7
43875066,29.77
45807690,29.46
43407056,29.49
60344168,29.5
75620942,29.56
104459739,29.08
135630339,28.65
67168899,28.42
94242181,28.67
77472313,28.93
39536497,28.72
33498279,29.04
35288557,29.16
42465812,28.93
34380780,28.93
37253551,28.48
52161812,28.44
45430771,28.91
47674295,28.48
45689600,28.81
42520687,28.73
33691214,28.45
45755145,28.59
43924387,27.93
32791057,28.49
45162553,28.81
33886569,28.3
44763417,28.22
50786152,28.07
49954669,28.26
76746957,28.25
81452954,27.81
48119873,28.1
42945035,28.27
55641506,28.63
76581507,28.71
72980425,29.3
52902321,30
49237104,29.55
59533556,29.54
61536534,28.96
47993718,29.52
80011828,29.3
66686253,28.99
67516665,29.4
69202585,29.39
87616427,29.98
55078953,30.71
62257737,30.8
48910516,31.19
98293458,31.16
121165267,31.51
64436562,30.92
77539532,30.78
48023159,30.03
42169549,29.82
54302314,30.07
48016935,29.49
66018691,29.33
33831755,29.87
57542181,29.97
47844443,29.99
35202524,30.02
47325822,29.74
71193850,29.47
46189684,29.83
54271648,29.87
48340290,29.52
53914766,29.49
88336474,29.49
57058364,30.22
47089190,30.01
46804710,30.46
45632827,30.51
100939583,30.49
59068837,30.52
64472483,30.39
56981841,29.85
48485758,30.02
61346669,30.05
71980635,29.62
38252861,30.29
44286891,30.58
41437458,30.72
39486131,30.59
86403439,30.69
57446053,31.11
42377685,30.79
47726716,30.48
64053809,30.17
46337287,30.58
40015195,30.69
42549100,31.05
58452958,30.83
41856216,30.98
45843137,31.07
75036602,30.9
70286755,30.97
43604833,30.89
55398550,30.58
51735395,30.78
60564629,30.75
59890407,30.71
104394842,30.56
82051611,30.97
81308131,30.61
74169921,30.4
67806846,29.94
128309968,30.12
69999053,29.1
39491836,28.99
34244929,28.79
41993027,28.78
61623665,29.02
44833990,28.69
41778741,28.6
33170154,28.85
30742957,28.73
36002840,28.61
43774750,28.54
44367195,28.11
38644935,28.4
31388980,28.57
30196555,28.55
63259241,28.5
42651376,27.87
41977553,27.74
47065600,27.87
42631040,27.75
49030833,27.64
58981972,27.72
47491974,28.22
50528208,28.02
49515105,28.27
75796234,28.52
47923954,27.84
49415710,27.83
65076150,27.33
51757061,27.28
75730227,27.4
75169093,26.72
36516423,27.44
80122802,27.29
72214365,27.32
52046394,27.61
49383753,27.83
56465969,27.55
63256301,27.76
80179110,28.09
86532702,28.17
87693760,27.87
63532504,29.07
63863757,28.9
57768782,29.39
68619197,29.35
53990360,28.83
109371935,28.74
63952954,29.46
55591266,29.4
51763813,29.03
52812852,28.94
69827309,28.98
48761167,29.26
65151961,29.37
79323602,29.51
99939605,29.61
60408092,30.19
55367062,30.56
74016311,30.86
61923419,30.48
57619174,30.53
96122137,30.6
99382060,30.45
58552058,31.09
49190300,30.74
56152041,30.72
75828808,31.11
56383521,31
58569215,31.1
62442064,31.16
103975557,31.21
99491242,30.7
55048885,29.66
44677271,29.96
50226020,29.93
44677778,29.64
46120855,29.81
77574283,29.86
41754362,29.86
27572772,29.98
31250490,30.02
37102644,29.99
37972457,29.64
32272086,29.98
31811547,30.09
53831148,29.99
56990325,29.89
103648476,30.19
85875982,30.07
46016108,29.55
68871157,29.43
107728225,29.54
108868018,29.4
46832386,28.85
48588523,28.99
45614195,29.13
56459265,29.33
72261272,29.12
53362546,29.36
58777844,29.57
52796358,29.39
72724547,29.48
20470194,29.76
44137403,29.92
66467768,29.92
85734231,29.89
49359181,29.4
64331011,29.47
63990358,29.12
63016445,29.23
47278555,29.35
37856497,29.24
89414069,29.26
79153250,28.98
56516255,28.95
60454875,28.84
41127749,28.73
58674657,28.77
75955283,28.81
61952245,28.71
47302082,28.53
89060092,28.34
70157492,28.35
40722916,28.31
61427896,28.28
48650435,28.45
48906684,28.43
44762131,28.29
40665423,28.52
40127096,28.44
49745011,28.45
129753977,28.37
120195958,28.22
37224378,27.54
34599739,27.69
33371747,27.72
36457042,27.87
81979115,27.92
82204455,27.94
39386668,27.37
52928741,27.36
34293234,27.35
45038408,27.4
66400255,27.44
55381375,27.2
68029179,26.95
47745189,26.66
58496064,26.9
71677658,27.18
43056333,26.86
49135045,26.79
126129908,26.85
74325865,26.33
37946523,25.98
52279694,25.93
55608252,25.91
36866905,25.6
51267410,25.43
50161662,25.61
44227536,25.61
31595597,25.84
26421263,25.7
30258744,25.8
42721167,25.84
34192049,25.95
33117122,25.85
35933322,25.74
44664979,25.67
89329989,25.62
88398944,26.12
128427551,25.79
45674944,24.7
52375619,24.7
48996195,24.62
47831979,24.53
30255521,24.43
31768850,24.46
44407466,24.44
58171540,24.34
36882940,24.22
45695011,24.29
43164646,24.21
46462111,24.3
49223513,23.99
40321957,24.06
51706046,24.25
85389256,23.87
55621972,24.37
60075762,24.22
59586879,24
175491371,23.87
76854396,22.85
82199947,23.4
65095034,22.74
37053691,22.48
67499367,22.29
73099480,22.26
77379268,22.64
88690405,23.1
50566038,23.5
63169825,23.3
44775875,23.48
53118381,23.35
25711432,23.7
73135430,23.3
121405820,23.47
71925899,23.16
84959066,22.86
53644094,22.82
60532568,22.5
81055222,22.88
94407586,23.08
90604571,22.56
129644418,22.55
147520585,22.1
121654179,22.07
86087011,21.88
113179765,21.51
74338804,21.71
52575760,21.92
104127499,22.11
73830583,22.04
126603948,22.13
63933933,22.5
73937588,22.76
80240005,22.82
120468133,22.65
52505325,23.15
46867137,23.72
83054373,23.74
107375496,23.5
80003157,22.79
88387280,22.88
100074121,22.56
95477212,22.83
98603006,22.73
81868733,23.01
70107733,23.15
83136212,23.17
92925377,23.22
77650902,23.77
75996747,23.62
80697460,23.73
131607958,23.8
171268148,23.44
211567582,23.17
190561170,24.01
175012523,24.29
591078581,24.15
100327309,27.25
39194018,27.1
49222438,27.11
42319297,27.11
58528503,27.15
46044666,27.03
45111328,27.03
56276047,27.22
35796327,26.84
28170249,27.07
32183970,27.2
42953483,27.13
39464171,27.29
47256778,27.25
51885792,27.56
41554663,27.74
45473353,27.64
57609983,27.56
62127618,27.21
54612426,27.23
53732283,27.02
58520542,26.9
59910619,27.01
69163099,27.01
73794286,26.85
146028255,27.15
73199528,27.74
67095079,27.89
120617680,27.5
73798629,27.27
57159425,27.36
39998399,27.23
40342996,27.11
41310878,27.17
45384011,27
57554578,27.25
51632001,27.06
53074268,26.91
45234151,26.93
41856388,26.97
53070445,27.14
65037794,26.87
51459788,27.05
44755831,26.63
48162886,26.66
43045961,26.72
50216190,26.54
41513193,26.7
49509025,26.81
62811407,26.88
58434046,26.65
46710435,26.39
52127000,26.69
52861644,26.66
51796468,26.91
72188789,26.94
60175657,27.17
75023515,27.54
55078684,27.68
68437410,28.04
94844406,28.15
103999604,28
134525193,27.79
69531321,26.5
59072711,26.4
63061743,26.28
47971611,26.35
79228490,26.41
60382450,27.02
52495587,26.83
58574807,26.99
41449046,27.19
45994725,27.14
70123544,27.29
64924946,27
55627836,26.86
100969092,26.91
48247610,26.99
57975661,26.97
79974418,26.84
49045192,26.15
34495958,26.27
37242245,26.39
37822294,26.46
30689138,26.64
91307155,26.59
75800889,26.73
62960511,26.86
68686959,26.83
88542444,26.9
79027500,26.92
65076160,27.09
104285480,27.13
63757618,27.45
48485553,27.71
63931525,27.69
55583202,27.75
65979916,27.69
47941195,27.85
42319525,28.01
61006074,27.89
55904637,27.68
62223831,27.68
57517136,27.75
44082441,27.76
70541224,27.92
104301488,27.91
65794319,28.16
75431251,28.07
91350610,27.97
86277229,27.74
65080991,27.5
67152149,27.35
51945506,27.28
73314795,27.09
59562087,26.96
60091660,27.05
77104789,27.01
57464055,26.66
73421538,26.44
75434181,26.46
71453107,25.96
75584705,25.7
108725034,25.53
62911218,24.85
58260037,25.11
41424480,25.03
52612074,25.1
69439499,24.78
58846047,24.79
66606685,25.09
69644667,24.57
46927609,24.53
53871744,24.67
70192826,24.59
71395413,24.3
76587629,24.41
48894154,24.46
50790232,24.59
81733088,24.73
73696770,24.67
151667804,24.98
55353293,25.5
57659837,25.73
66808389,25.94
71020337,25.67
48815553,25.34
56208557,25.27
66397655,25.27
71324432,25.34
68285274,25.49
61126789,25.84
61851558,26
191490750,26.07
60371543,26.27
54972457,26.31
63423842,26.48
40707566,26.61
41557884,26.58
52554755,26.61
44684255,26.85
46092737,27
52047585,27.02
75974601,27.2
65210962,27.38
55168404,27.18
52309190,27.15
36774626,26.97
39309218,27.03
63822699,26.81
48316511,26.87
41744049,26.91
36060894,26.72
40879782,26.82
52603578,26.95
47106964,26.74
46008248,27.13
53920190,27.05
48971223,27.27
64558594,26.95
65455974,27.35
77436580,27.13
82259722,27.76
92134988,27.32
140172965,27.25
137704641,26.81
61389079,25.92
60045641,25.61
45163539,25.75
58155188,25.72
54659470,25.54
45217363,25.69
99892875,25.68
114381081,26.44
72314731,26.19
113542635,26.16
39730872,25.55
56694261,25.79
69549550,25.97
45384402,25.66
63542293,25.61
61742183,25.29
56121319,25.09
80775118,24.65
64470989,24.7
62036890,24.98
69786284,24.71
82032619,24.84
56327486,25.09
53118998,25.07
62104127,25.05
66761847,25.04
105338348,25.31
61686150,25.07
81104816,25.15
50858845,25.11
92039022,25.04
67086958,25.04
52290725,25.26
45465277,25.36
49108607,25.31
39496001,25.43
56264361,25.51
45757756,25.4
54584140,25.51
40774168,25.37
79677607,25.43
27246039,25.79
55089366,25.81
46446306,25.8
54980447,26.07
50593626,25.9
36952202,25.71
61460386,25.75
75570617,25.85
64489927,25.74
52185922,25.92
71255235,25.7
40115672,25.46
50713226,25.49
77426381,25.3
74573550,25
59533022,24.91
62629830,24.9
61884168,25.11
64338858,25.22
59389761,25.23
87075515,25.21
68183266,25.36
54438475,25.23
98849923,25.3
84755694,24.45
47786665,24.99
60952935,24.76
75542029,24.99
80226791,24.98
93945236,25.28
92599730,24.32
66194620,24.63
75773145,24.65
100580276,24.46
67409759,24.84
60975725,25.04
67716938,25.32
48198379,24.97
47958790,24.94
77558913,25.1
78133539,24.67
73666176,24.47
62237029,24.23
64796758,24.12
62454555,24.17
59842179,24.16
74679015,23.92
50009319,24.2
79041968,24.28
79456802,24.18
102433659,23.99
71618605,24.2
158387970,24.31
60613924,24.54
75012903,24.63
71681625,24.91
65550417,25.11
60620771,25.09
59138413,25.43
62992134,25.31
52921853,25.4
80510552,25.47
63058129,25.17
52185487,25.17
67739972,25.26
56684330,25.28
82783693,25.16
62483732,25.25
85448536,25.37
83690305,25.2
96502532,25.23
77093223,25.48
67181231,25.65
57531017,25.79
76618383,25.93
58933746,26.01
84002834,25.97
71897729,26.06
81087080,26.07
61426459,26.24
57879137,26.16
61260623,26.32
62654399,26.18
80402664,26.46
58114467,26.39
72022805,26.28
110508372,26.18
94030113,26.11
64986586,26.01
67595725,26.02
69018949,25.67
76552541,25.65
58392691,25.86
61007234,25.98
69322699,26.32
92239241,26.12
89925113,26.27
73085937,26.78
65751374,26.73
71195226,26.8
68882204,26.67
76905388,26.75
72498284,26.78
109566163,26.84
65448756,26.74
55026720,26.72
48357392,26.76
47686105,26.9
55109858,26.95
55970375,26.85
65821360,27.01
63806456,26.97
94685125,27.07
85557939,26.95
128967168,26.96
89861447,27.16
106358518,27.11
127862284,27.23
93841307,27.25
70949637,27.08
83008149,27.23
95663345,27.36
131434622,27.07
55329712,27.33
76819413,27.23
96327159,27.09
100955124,27.25
76200960,26.81
67082952,26.77
24407696,26.6
60074725,26.64
70475567,26.53
92498284,26.65
85866208,26.86
65275516,27.07
59091049,27.17
64592720,27.12
104734034,27.39
162601395,29.97
88754004,29.98
84214610,29.73
100601304,29.77
116089014,29.28
95361626,29.31
87894437,29
79732846,28.47
89482131,28.24
72965205,28.08
80199090,27.97
63089413,28.01
72660566,28.15
77094933,27.9
61583047,27.63
102133212,27.74
95665576,28.56
69128203,28.7
57051769,28.18
50512056,28.41
49833855,27.99
41538242,27.8
49539572,28.03
56420425,28.03
44698661,28.06
49561879,27.99
38776684,28.17
57006154,28.53
58023809,28.38
62059156,28.12
66350260,28.25
71251107,27.65
61553764,27.58
62057503,27.27
48033361,27.19
49887224,27.29
52159010,27.35
68411653,27.12
73905342,27.26
51524220,27.51
67368433,27.51
35962345,27.26
52687787,27.19
56071798,27.44
48256736,27.25
52748401,27.49
56973818,27.28
53437453,27.26
45622541,27.36
46226739,27.11
42224737,27.62
48510042,27.39
52162783,27.3
36682520,27.3
33261977,27.46
35483002,27.44
53543759,27.55
40835779,27.24
39573378,27.24
46498926,27.2
46301583,27.12
58861072,27.46
56880453,27.05
54359862,27.09
43345714,27.02
50341301,26.88
53103319,27.41
57701636,27.72
51878810,27.18
75666884,27.14
55618229,27.53
46219266,28.06
53996966,28.07
52273376,28.52
59555164,28.49
60149009,28.48
62725938,28.58
72988612,28.44
72406289,28.66
97557636,28.03
125990351,29
201563977,28.86
90202869,28.32
60364128,27.95
66407472,27.48
46761726,27.87
87663764,28.13
43466799,27.6
45766448,27.89
50254840,27.86
59132496,27.64
66315430,28.1
69168224,28.02
36693431,28.57
78974366,28.63
83619469,28.56
55481831,28.5
77109171,28.28
76597418,28.57
65528480,28.39
58638261,28.3
99479632,28.29
116884919,28.35
134291084,28.35
106009673,27.77
67437045,27.32
114245017,27.4
67440988,26.9
48111709,26.77
50386074,26.47
58252833,26.6
65229574,26.43
48819777,25.95
45946523,25.89
54022507,26.13
48377695,26.11
37396196,26.23
49089692,26.19
50341475,26.14
66620286,26.1
56258012,25.76
57810107,25.89
52092798,25.73
60063828,25.62
58158836,25.83
55160512,25.54
43781222,25.86
63868478,26.1
64163501,25.94
57935096,25.94
64633151,25.93
68297031,25.78
62694610,26.12
52928879,26.3
55497198,26.33
66039450,26.35
66175600,26.13
78144218,26.48
72849170,26.56
82078207,27.22
89395071,27.24
258297475,27.54
100198884,25.95
49264183,25.45
59922365,25.33
44594442,25.53
51773660,25.16
73850390,25.22
61088192,25.51
56985201,25.45
38820230,25.61
45298498,25.48
63303295,25.59
49049352,25.8
53803929,25.95
98051438,25.85
69070246,25.08
70546891,24.93
59015157,25.2
51888701,25.31
61593457,25.03
85689639,25.19
97589357,24.41
91728989,24.15
127820324,24.5
86679709,24.63
123243243,24.89
56265756,25.13
65454169,25.18
68841599,25.16
64143859,25.38
90594370,25.09
75170933,25.37
81131386,25.72
69399003,25.83
59852306,26.35
44030373,26.37
55002830,26.37
66346629,26.39
52154834,26.7
58282185,26.53
66605896,26.5
64495129,26.7
55437308,26.88
50274762,26.61
57835228,26.57
62151119,26.46
50342324,26.77
43486350,26.99
67550717,26.59
44792237,26.95
51515284,27.15
37843404,27.02
48110933,26.9
47216232,27.08
55565357,26.96
60938651,27.01
48206749,27.29
63305411,27.4
40531805,27.65
63750367,27.91
71251148,27.71
63227109,28.25
58316839,28.8
127268328,28.48
79830106,28.01
53641475,28.3
63096877,28.1
64008119,27.81
58526359,27.54
43940830,27.7
51558311,27.43
55860375,27.57
67144616,27.66
58818964,28.16
54330541,28.21
46958281,28.24
67341841,28.14
44487643,27.45
42251891,27.37
34407446,27.52
40436735,27.46
12076814,27.21
19924190,27.04
39615407,27.15
43931366,27.18
76923606,27.36
61190617,27.4
53753584,27.04
73984242,27.06
88870946,26.74
69212563,26.65
79332407,26.61
82868113,26.59
103563951,26.38
90611833,26.24
96622995,25.98
87238064,26.2
93121525,25.67
85121710,25.66
102442206,25.84
33404276,25.71
69767066,25.45
85997502,25.4
100276357,25.73
70823445,25.11
107168833,25.1
78862796,25.35
110110627,25.15
103939280,25.15
83171113,25.5
79154370,25.69
76231280,25.98
64999504,25.8
54596151,26
57862061,26.1
68225794,26.23
61569647,26.1
84035771,26.07
57790227,26.68
69659088,26.14
99139273,26.12
73595062,26.74
72144561,27.2
65641718,26.91
210918193,26.61
69534107,28.91
48852064,28.89
44176165,29.35
38831483,29.35
51135991,28.93
42270253,29.23
58358102,29.07
35191311,28.68
39342697,28.78
37611609,28.91
62736808,28.94
47001129,28.82
52374444,29.14
34057031,29.19
57309125,29.08
38393640,28.5
59194078,28.52
63403292,27.8
47384602,28.83
49867950,28.19
56263206,28.24
66476631,28.46
58359896,29.6
65715121,29.07
92496018,29.96
67278172,29.5
47232034,28.5
52369785,28.9
41446549,28.36
55787533,28.34
37959193,27.84
54770213,27.55
44455559,28.37
46161767,28.84
64049179,28.38
60199009,28.43
109502844,28.3
74314623,27.26
34776119,26.52
46220735,26.51
30638514,26.42
47557325,26.57
36157255,26.5
65864451,26.22
63920667,26.24
56805847,26.45
73001490,26.62
45970005,25.7
27613331,25.54
37416724,25.63
39689032,25.6
38219342,25.73
36438582,25.61
33329526,25.58
44295184,25.71
56301022,25.65
58918339,25.66
51837768,26.18
43200258,26.17
64532271,26.41
41252147,26.23
62427090,26.47
52711820,26.61
54185086,26.89
53573421,26
49831938,26.45
51803002,26.38
49062790,26.04
63403704,26.89
73665517,26.69
50506829,27.52
53650784,27.27
60470938,27.4
50386814,27.31
55498402,26.91
62413894,27.47
61963586,27.7
89251689,27.42
39441210,26.45
95165555,26.88
61030761,26.15
53109054,25.64
76061812,25.63
51735860,25.75
60580527,25.26
51939104,25.7
53001295,25.78
86918549,26.33
63712208,26.07
89966720,26.07
118297316,25.96
70139491,25.39
55158965,24.65
66224396,24.99
75791784,24.88
80734302,24.68
73629370,23.75
121172563,23.67
116136863,24.09
83566275,24.87
61069652,24.88
66328680,24.64
85397900,24.61
75491901,24.4
62985407,24.43
68514305,24.79
77053076,24.22
93413313,24.16
109343442,24.03
52782940,24.63
55447137,24.8
60488391,25.57
45697874,25.79
45131526,25.63
44622196,25.99
54013255,26.21
59018779,26.35
46541276,25.75
49234538,25.99
54468151,26.38
50537557,25.86
52815510,26.13
42214792,25.71
55690962,25.56
66023242,25.81
56394043,25.74
53778522,25.21
51884817,25.49
55821379,25.72
58986853,25.74
41678747,25.21
58519227,25.5
86373961,24.91
64352120,24.61
51950691,24.75
71742754,24.2
51638640,24.59
76927109,24.57
54145573,25.58
65658301,25.17
55755448,25.09
57710342,25.73
68328205,25.72
49803234,24.35
71461181,24.21
39582173,24.67
60045257,25.04
51687898,25.25
63608930,25.49
61250394,25.29
85826301,26.57
72006425,26.25
73828591,26.32
78377645,26.04
101197122,25.93
75701349,24.86
81041416,24.67
72568874,23.39
54268389,22.79
48721361,22.95
66167680,23.56
51553414,23.27
55631397,23.44
56803900,23.07
50841129,23.54
56737928,23.7
75639266,23.58
57314562,23.6
68473109,24.19
62548553,24.07
57081029,24.61
51027895,24.15
47130583,24.53
57543713,24.96
90770856,24.15
73839528,23.5
71576300,23.22
84596680,23.22
74333418,23.69
75852114,23.29
83617960,23.71
101376734,23.48
82124484,23.66
80820526,24.28
107182966,23.73
88387876,24.12
107226456,24.96
86413978,24.41
115186478,24.58
103436814,24.92
71629620,26.14
87486264,25.5
86413486,25.66
156119200,25.73
83405140,27.68
59999384,28.14
54441838,28.48
61040604,28.2
67985474,27.96
62048642,27.9
64749146,27.12
81113928,27.9
59691684,27.38
55744224,26.9
67208216,26.86
54464800,25.85
46846600,26.38
39890200,26.48
36701600,26.7
18304200,26.91
46181600,27
87678200,26.52
79737600,26.56
59876400,26.76
47689800,27.18
56910400,27.24
62208600,26.25
54277400,27.08
67192200,27.33
60627400,27
60570800,26.76
70669400,27.74
66590800,27.67
82697800,28.27
56614600,28.36
60789200,28.84
26170000,28.84
54007200,29.04
65352200,28.45
60342800,29.12
68679400,29.11
81398400,28.92
74486400,28.31
74739200,27.42
55895400,27.92
75035200,28.34
76140800,28.5
6005600,27.68
76341000,27.26
57035200,26.93
64751600,27.55
71511000,28
12274600,28.52
74833400,28.32
37385200,28.05
94110000,26.5
532600,26.74
93272600,26.56
87651800,26.04
78714000,25.98
73958600,26.34
94648000,25.62
11170800,26.6
83470600,25.84
10870400,26.26
50289400,26.58
55546600,25.39
92659600,25.2
25153400,26.14
73712600,24.64
5946000,24.44
15923800,23.19
21578800,22
13478000,22.5
86424800,22.02
5444000,21.88
3368400,22.36
1690800,22.8
6303400,23.12
9667000,21.87
78960600,22.62
99432200,23.1
4928800,23.26
762400,22.84
87135400,22.62
20200800,23.73
76512400,23.6
82254200,23.88
70154600,23.64
47761200,23.89
57879400,23.96
62394000,23.58
76327400,24.29
81826400,24.9
79275800,24.35
66946800,23.91
85533000,22.96
77710400,24.1
69569000,23.51
52929600,24.54
92012800,25.29
66918600,24.69
61052600,25.42
54679800,26.05
56328200,26.11
71987600,26.62
79681600,26.14
69169200,25.52
78848200,26
65646600,25
97572400,24.88
95268000,24.86
98451000,23.53
55884600,24.24
67812000,24.06
87142000,24.46
84944400,23.54
86002000,22.84
77358600,22
84268200,22.2
87555800,22.88
85826000,23.99
19130800,24.05
9336400,24.12
20744200,22.68
58319000,21.42
98440600,23.12
63231400,21.5
76704600,23.14
6824400,24.78
82916200,25.56
95177800,26
94200400,25.62
31064000,25.9
94473400,25.93
26177400,26.46
88267400,26.12
82226200,26.6
61944600,26.46
35665400,27.42
79436400,26.24
80197200,25.72
64138200,26.33
79780400,27.35
93860000,27.46
10743600,27.06
81821600,26.48
2854800,27.08
8853600,26.14
81753800,27.05
76793800,27.18
74185600,28
93019400,27.84
8195200,27.62
77586600,27.11
28807600,27.77
72886600,26.28
69401400,26.41
95361400,25.99
71526200,25.95
65448000,25.83
86308600,24.99
86144000,24.71
58592200,25.46
61148800,26.32
44498000,26.02
48376600,26.16
34541400,26.63
50497000,27.41
53203400,26.84
59945800,26.1
51320000,27
51093600,28.02
52033200,27.87
69408800,27.38
61996200,27.44
63098800,26.34
62738800,25.02
81954800,26.06
98420000,27.48
86098600,24.74
64789600,24.31
69139400,24.78
76275000,25.6
74967600,26.38
74615400,26.13
66142400,26.12
60894200,25.75
55811000,26.86
59638200,26.51
65639200,27
50481000,27.8
845600,28.6
53766600,28.18
53319400,28.32
49688000,28.9
46014000,27.84
51226200,27.96
56385600,27.4
74476200,28.15
61909600,27.44
72111000,28.61
48917200,27.94
60697400,28.22
73970800,28.16
74695200,28.65
45290200,30.19
41367800,30.16
45970800,29.72
67725000,29.54
46611600,29.62
40437600,30.22
45068200,30.68
53397000,30.05
35400000,31.12
42817200,31.07
62250000,31.24
49680600,30.61
43026600,31.05
64343000,31.27
42828000,32.17
56616600,31.98
57125600,31.36
48881200,31.82
55279800,31.54
72452200,31.6
59857000,30.68
65374600,29.17
64024400,29.2
62398400,29.28
50315800,29.54
69909400,29
56685800,29.02
49520800,29.95
49837200,29.42
47467400,30.12
55686400,30.8
52952600,30.91
43410600,30.07
49547600,30.56
59617000,30.32
61442600,29.9
64837000,30.2
65686200,30.58
68610800,30.56
62293600,31.33
62005400,31.86
64663800,31.42
57147000,31.16
40568400,31.91
48289000,31.9
79278000,32.33
78179200,31.87
75507200,32.23
4790600,33.05
66455800,34.93
60598200,33.94
58005000,34.78
49436200,34.24
67940000,34.3
48860200,34.64
74262400,34.36
46261200,34.69
57486800,34.28
51005400,34.45
65420600,34.62
46522200,33.52
36055400,33.12
27357400,33.94
30992000,33.92
28536400,33.84
11290400,33.64
74693800,33.77
76141000,33.38
56147800,34.74
45821200,34.64
54668000,34.49
40817800,33.72
50853400,33.14
46090400,33.98
52087000,33.66
35574600,33.53
41183200,33.92
54134200,34.32
74239600,34.05
49105800,33
45733200,32.38
44457400,32.1
52079600,32.42
52098000,31.4
88638000,31.87
40060200,32.57
15379600,32.36
48585800,32.02
63593400,32.7
53929000,33.27
56719600,32.88
73756000,33.06
84675000,32.98
58741600,33.95
56648200,32.9
47025200,32.6
71770800,32.21
58128200,32.12
66135000,32.39
64138200,31.64
81649200,30.7
6325600,30.92
61723200,29.08
55306200,29.44
55118000,29.82
61501800,31.1
73505200,31.28
76795400,30.66
78608400,30.22
70490200,30.08
89234800,28.95
68648000,28.38
71934600,28.02
64748400,29.22
67383400,29.03
61702400,28.19
83265200,28.16
84976600,27.76
95553400,27.28
59402600,29.02
79176000,28.86
99608600,28.22
92123000,28.12
78393000,26.53
67583000,25.89
8215400,25.58
79387000,24.98
56296000,25.14
81739400,25.65
81228800,26
80926200,24.86
14895800,25.38
24564200,26.93
80929600,27.16
21648600,26.46
83409600,28.79
88395800,27.7
8675200,28.01
88311200,28.87
65583600,28.05
54556400,28.53
95959800,28.47
46519000,30.12
46102800,30.37
43187000,31.16
61660800,31.03
46087600,29.56
77079800,30.33
45689200,30.39
46261600,31.35
50961200,30.94
42344400,32.31
38246600,31.6
35506200,32.34
32190600,32.92
51088200,32.76
43648800,32.5
53885200,32.43
29087000,33.18
26991000,33.07
42478000,33.45
50712000,33.72
53751600,33.24
57220400,33.09
41721800,32.9
63764200,32.74
75679400,33.3
72313400,33.67
66388600,33.16
76978200,33.54
22347400,34.59
66589400,36.28
55881800,35.28
61212200,35.91
54920800,35.59
58043600,35.67
22595400,35.8
65988600,33.25
64222600,32.24
65217200,32.84
64697400,33.03
47680400,34.26
27081400,35.24
68772600,35.3
83168000,36.5
26215000,36.37
66158600,35.57
61387600,35.07
47766200,34.42
47809400,34.42
63333400,34.92
62919600,34.7
61816600,33.66
53656600,33.44
106400,34.01
70333600,34.45
54302800,35.34
64533000,36.04
44747200,36.06
50846400,36.59
60367400,36.82
79352200,36.18
88069600,36.3
42464200,35.39
56049800,35.17
68767800,34.59
84388200,34.59
68956200,35.17
49141400,35.46
79196600,35.86
88151600,34.85
80164800,35.16
93119200,34.39
88576600,34.04
957600,34.08
89384600,34.58
59787800,34.14
43981400,34.36
49768800,34.7
63266400,35
72039600,35.2
72950400,36.03
7307600,35.69
18004200,35.38
63683000,34.26
91478000,34.88
80776200,35.08
68867000,33.88
23243400,33.56
12891400,34.57
73325600,34.84
86840200,33.78
90524200,34.12
89443200,34.5
39493200,34.01
53492200,32.72
80641400,30.74
61393200,30.39
84701000,31.09
8010000,30.5
6423600,29.84
54157200,28.58
89085400,28.09
9362400,28.38
604000,25.97
91508600,26.69
72614800,27.91
87132200,27.34
83567200,27.69
76657400,27.78
89953000,29.12
61710800,28.03
97512400,28.28
23278800,27
22157000,25.03
90016800,26.34
58903600,27.16
7722000,27.28
69427600,26.84
88943000,27
89786600,27.09
11777600,25.97
1883400,28.34
51626000,29.62
58278200,30.34
65596200,29.72
48480200,28.72
78550200,28.34
76037200,29.68
76739200,29.5
95926200,29.69
85927800,29.78
91672800,28.22
94830000,27.59
62809800,28.12
57571000,27.94
65171800,28.66
64097200,29.41
59050400,29.19
74784000,29.09
69975000,29.38
97929400,29.56
86277400,31.12
24112600,32.34
93362600,31.28
55314000,30.97
68785200,30.41
69551400,31.19
78060200,30.53
55241400,31.69
72800800,32.25
91738200,32
83898400,30.91
4467400,31.47
68285400,30.28
74549800,30.06
3917800,30.5
96815600,27.81
68842600,26.47
65238200,26.28
71189400,26.75
94498800,27.5
88188800,26.44
14776400,25.91
77461200,24.47
90753600,24.56
9906000,24.22
32527200,23.97
77640400,21.69
93999000,21.69
75565800,22.28
66881000,23.22
65422200,23.44
8528600,23.22
60841200,21.72
47102600,20.75
17649600,22.41
5459400,23.91
3479600,24.59
60887800,27.75
96782400,28.62
60776400,29.19
92071600,29.03
17575600,27.22
41594200,26.56
87469600,28.34
97712000,29.94
77074400,28.22
8191400,28.31
91102600,28.69
94782000,32.53
24009800,33.5
81879600,35.34
33126000,34.97
74569400,34.12
57758600,33.88
78798800,33.59
4495600,34.53
88783000,34.47
58476600,35.03
82112800,34.41
81644800,33.22
91694800,33.69
89325800,35.44
793400,34.72
864000,35.25
73422200,34.75
67057400,34.12
74211400,35.16
78386400,34.81
1392200,34.44
7715200,34.53
20572200,33.84
12453400,32.22
66309800,30.62
92603800,30.75
79232400,31.06
57339600,32.59
53482800,30.94
1510400,25.88
79467200,25.22
16138200,25.19
1922200,26.88
87257000,27.19
98795200,27.88
60475600,27.28
56332600,27.09
59900800,27.78
76780800,27.69
33945000,27.72
76718400,28.28
54976800,29.56
68954400,30.16
50185400,30.66
3608200,30.31
52373600,31.34
52085200,30.62
83305400,31.62
40752600,32.09
67251000,32.12
77117200,32.5
67558800,31.5
95846600,32.09
77134800,32.91
40215200,34.12
45248800,34.06
47701200,34.41
55326800,34.66
9780800,35.03
60981400,34.72
49606800,35.06
36854000,35.09
68429800,34.91
52481000,35
57772400,35.47
55235000,35.66
49569400,35.31
40574400,35.56
35820200,35.38
52178400,35.62
32698000,35.31
49579000,35.5
33810200,35.78
43534200,35.5
39644000,35.81
52615000,36.09
33677600,36.22
48321400,36.31
62816000,37.12
36557600,37.06
51848800,35
37240800,34.56
52218200,35.12
46813200,34.69
44717000,34.34
67119600,34.91
73658800,34.84
72149200,34.69
76872000,33.91
61908400,34.5
54822400,35.28
53853400,36.16
53414600,37.41
36732800,36.56
64851200,39.25
53059800,39.09
49353000,39.47
79665600,39.97
56840200,40.16
36160000,39.56
51008200,39.72
53578600,41
46474400,40.47
30726600,39.25
14735800,40
42776200,40
36856400,38.59
36401200,39.47
28439000,39.41
46942600,39.75
49047200,38.84
85823600,39.94
56888600,40.34
59888400,37.47
44125600,36.84
62615200,36.28
62533200,36.19
78828400,35.25
42980200,33.94
47845800,33.44
34533800,34.41
92106200,34.41
68964000,35.25
95491400,34.81
63582000,33.44
78597600,33.16
92787800,32.28
52751200,31.28
66239400,31.69
55201800,30.72
90361800,30.75
83237200,32.78
56549400,31.59
68383600,32.09
64036200,32.53
52679800,33.09
52389400,33.84
46910200,34.75
32629400,34.69
36774800,34.41
57011400,33.94
65820400,33.09
59078800,33.91
34702800,34.91
35329400,35.56
40477000,35.22
54020000,35.28
93748600,34.94
6281400,36.72
74142600,34.88
76206800,34.91
5787000,34
55153600,34.69
9618600,33.31
47068400,39.47
52008800,39.34
89497600,40.28
16503200,37.94
47464000,37.06
92998200,39.62
49916600,39.69
70199200,41.94
58380000,43.03
80718000,44.53
65279800,43
81291200,43.19
79822400,44.28
53172200,45.44
58306200,53.12
62130400,51.69
62751400,53.59
79250800,52.16
9132800,52.03
9775200,55.84
45846400,55.94
92634800,51.62
79301600,51.38
44737600,48.69
74812600,49.69
75637400,47.69
51603200,47.69
70648400,47.56
60473400,49
84265000,50.5
85539000,50
93037200,47.78
32935000,46.44
91103200,45.31
98086400,48.06
5353400,46.69
5535800,45.41
55877000,44.69
75395000,45.78
63349400,45.66
66533400,47.38
72888200,47.12
64814600,46.91
75436200,47.53
78279600,49.81
64021200,48.81
68532800,49.28
79144600,49.81
13763600,49.97
53187800,53
52164400,52
53414000,54.97
39062400,53.31
53816600,53.28
48004200,51.81
48839000,50.41
66946400,51.47
70150400,48.94
56331200,49.12
61546800,49.38
47615400,49.69
58584400,51.41
61533400,50.62
65824200,51.88
54968200,53
95812400,53.5
75856800,57.66
71781600,56.12
79754200,53.91
65640400,52.91
45667000,54.69
42923600,56.12
60441600,55.72
51808000,55
62712600,56.91
52866600,56.31
51680600,58.34
11843200,58.38
22039200,58.81
16518200,58.84
23285600,58.75
30940600,59.56
30503200,58.72
36908000,58.78
55736800,57.94
38537200,56.38
94111400,57.62
27166600,56.84
51872600,54.22
41801600,49.34
50915200,48.31
35528800,46.91
45293000,46.41
39911800,45.91
53656800,46.5
47768800,47.66
62782800,48.06
50782200,47.41
46524400,46.59
55201200,45.34
46062200,45.28
24465600,46
52243800,45.81
64591600,45.19
83252000,45.09
54265600,43
60649600,42.47
63984800,42.53
55946200,43.66
44017200,43.53
46936600,44.59
67490400,44.81
66571600,43.53
3425600,44.41
39328400,45
67972800,45.81
51888200,45.88
42927200,46.03
46343800,46.25
53260200,46.19
79449400,46.28
70562200,44.94
54416400,45.44
52466000,46.19
30492200,46.22
43650600,46.34
60801200,46.53
88090600,46.12
69945600,43.16
75312800,43.94
73788000,44.03
42737800,45.34
38098400,45.53
27668600,46.28
19943800,47.16
35695000,47.47
46024800,46.88
35493800,46.84
43397000,45.91
29956400,46.28
44229000,44.99
47445000,45.28
37480000,44.75
45982000,46.06
34130400,45.72
70243200,45.47
71010200,45.59
48524800,48.03
47069600,47.31
48595400,48.78
79768400,48.22
45787400,46.88
48401000,46.31
40261400,47.53
27868200,46.94
34489200,47.5
38463000,47.03
42559400,46.12
47025200,47.12
52088400,47.94
33340800,45.91
36599200,46.19
46877400,46.28
33297400,46.12
41944600,46.62
61237400,47.31
81869000,47.66
20412000,46.09
60459200,43.22
46070400,41.69
71441600,41.91
58349000,42.5
51746600,42.28
57320600,42.16
65087800,42.34
61057400,40.88
66103000,42.09
62713000,41.47
39324000,41.91
67206000,42.56
76587400,42.88
75560800,42.47
55043000,42.38
48037600,42.41
51123200,42.91
57959800,43.47
62203600,45
65506400,44.41
51107800,43.81
68810000,45.12
60892400,45.53
54045600,47.34
92269200,46.66
81169200,49.19
15419800,49.72
40915000,47.19
37980600,47.47
30844400,46.81
43842200,47.09
33884200,46.62
37788200,46.28
33830400,46.16
45413000,44.78
32088400,46
47752400,45.59
57543400,45.09
38972400,44
31700800,43.38
24938200,42.47
33557800,42.31
33941200,43
38746200,43.25
56083200,44.47
69341000,42.5
44460800,41.44
48317800,40.5
36976400,38.84
28364400,38.78
34543000,39.06
35269400,39.94
53308800,41.16
41502800,39.69
32389800,40.12
35666200,39.78
32940400,38.19
42812600,39.22
36045800,39.25
41548200,40.34
56700000,39.19
52022800,39.25
50779200,38.12
38987200,38.62
56569800,38.78
42371000,39.22
46516000,39.66
63857400,39.34
66850000,39.56
84401200,38.44
51735200,39.56
60133400,40.25
42784400,39.94
46218000,39.84
48010200,39.53
74011800,38.97
67026400,39.56
66500200,39.03
67183000,39.94
58555200,40.66
60878600,41.03
55961400,41.06
58664400,42
48347400,44
56597800,43
55095200,42.47
92759800,41
8460000,41.56
75380400,40.5
44772200,43.12
72594600,44.44
52944000,42.94
46744400,45.06
37855200,46.5
31816400,47.12
38629600,47.28
46909600,46.66
39673800,47.03
39848600,47.47
41106000,46.34
58764600,44.81
67502200,46.5
79816800,46.19
94687600,44.53
9448400,44.98
82637600,42.81
69579600,41.64
55748800,43.2
92175200,42.8
56231600,43.11
44919600,41.78
68555200,42.27
60609600,41.47
73396800,40.05
62948400,40.36
53112800,40.34
90124800,40.45
46754000,39.75
47296800,38.73
61696400,38.06
76798400,37.41
58587600,37.14
58332000,37.94
59281200,37.53
70276800,38.38
67695600,38.22
95098800,38.86
92514800,37.2
73120000,36.94
17035200,36.44
1442800,37.5
73667600,39.06
62930400,39.44
60366000,40.69
73701600,40.16
77293600,40.02
9866800,41.31
27945200,40
89151600,39.77
73749600,41.7
91965600,41.91
81727200,43.23
79571600,43.75
78838400,43.5
98048400,42.16
20203200,42.89
3076400,40.47
82160000,39.06
80077200,39.58
25526800,40.66
2773600,38.91
59344000,37.44
59214000,35.44
75346000,35.95
57907200,35.55
46460000,36.88
50236000,37.47
51150400,37.62
69077200,37.81
64278800,36.62
69300400,35.25
23834400,34.67
34942800,34.75
29652000,35.12
23636400,35.59
13835600,35.44
34940000,35.89
41350000,34.61
48112000,35.11
59648000,34.45
46963600,33.59
60024000,33.44
51719600,32.97
64076400,31.98
51760800,33.5
57135600,32.89
44781600,33.41
77583600,32.8
89809200,33.39
44352000,31.84
51426800,30.53
65596000,31.69
86330400,32.38
70900000,30.5
26335600,32.02
41356800,31.06
1114800,30.42
10885200,29.8
48405600,28.41
45220800,27.94
41691600,27.44
58744000,27.97
42620800,27.2
28368800,27.5
38526800,27.19
63899200,27.77
72087600,28.02
68956800,27.67
74461200,27.33
76727200,26.59
67459600,26.38
36546800,26.3
48388400,26.45
59322800,26.47
52403200,26.66
56808400,26.42
65436800,26.36
59678400,26.77
59891200,26.59
81912800,27.5
25381600,26.61
94369200,25.06
60177200,25.73
68636000,26.27
66253600,26.36
62403200,25.05
47987600,24.11
51502800,24.94
72661600,24.22
44657600,22.8
90761600,23.53
76550000,24.41
14938000,25.3
65885600,26.03
65445200,26.02
38875600,27.52
48743200,28.22
41406400,27.83
47878400,28.27
63521600,27.53
65263600,28.41
43082000,27.3
45872000,26.97
47361600,26.34
45178400,26.23
42886800,27.05
49413600,27.08
45086800,26.5
58989200,26.06
60758000,25.19
65494400,25.56
60625600,25.49
50890400,24.16
67468000,24.81
63438400,25.14
40112400,25.31
32688400,23.98
72730000,26.31
74874000,27.31
44804400,28.14
58027200,28.2
26319200,27.59
